{"touch1": [318.79300866155143, 318.79300866155143], "touch0": [416.51093258988385, 416.51093258988385], "touch3": [93.367137677804635, 93.367137677804635], "touch2": [91.339993788601305, 91.339993788601305], "accelerometer_y": [125.82104299169822, 484.73654626435808], "accelerometer_x": [16.481284764750427, 240.26805028986931], "accelerometer_z": [8.6216357004890369, 763.59255751903424], "trg3": [-0.36999999999995326, 1.7939550005402431], "trg2": [-0.36999999999995326, 1.8010496963983], "trg1": [-0.23000000000004661, 1.7939550005403366], "trg0": [-0.22999999999995313, 1.8010496963983], "puppyGPS_y": [3.9754356744413162, 14.010466560779145], "puppyGPS_x": [0.19506757643533312, 10.248893013477851], "puppyGPS_z": [1.2872867042949137, 1.2540506437910039], "hip1": [0.020197128948414633, 1.5946117265067943], "hip0": [1.2896001857700594, 3.2298778091748535], "hip3": [-1.2155965132847109, 2.1905430233360428], "hip2": [-0.97646833307138503, 1.9532006250465155], "knee2": [-0.34111541743978924, 1.57988888529936], "knee3": [0.1725124163642322, 2.1038787759286786], "knee0": [-0.17982543233382797, 1.6488687140115976], "knee1": [0.25999539867561805, 2.1109918545054964], "compass_x": [1.5113113871478845e-08, 0.99999998100110943], "compass_y": [-2.0735495542822946e-09, 0.99999999717288612], "gyro_z": [-1.3809654710283041, 93.3398601954394], "compass_z": [-2.412434418896936e-08, 0.99999992550827077], "gyro_x": [-62.471712345347527, 161.38280248187169], "gyro_y": [-1.5297053400941252, 86.861033891238151]}