{"touch1": [1.8205343822841078, 6.2456455370456458], "touch0": [1.8077355030158033, 6.2163911930927789], "touch3": [0.78094450507051227, 3.5567929404623104], "touch2": [0.77865152797154391, 3.5566699652357108], "accelerometer_y": [0.0052592965293057339, 4.0331391763913951], "accelerometer_x": [0.31926554829406006, 6.4376879740242048], "accelerometer_z": [7.7485002758765118, 6.4018921917828049], "trg3": [-0.36999999999935246, 0.53618385189057927], "trg2": [-0.36999999999931188, 0.53663473970933218], "trg1": [-0.23000000000761395, 0.53618385189056794], "trg0": [-0.2300000000077049, 0.53663473970932629], "puppyGPS_y": [-0.48713510136415211, 3.4430779971106529], "puppyGPS_x": [-0.51553505401105415, 3.452080563583682], "puppyGPS_z": [0.082007755878077127, 0.015098264420749501], "hip1": [-0.23262800153461199, 0.45348593855348529], "hip0": [-0.2325851976123004, 0.45389519948856594], "hip3": [-0.37030397094335737, 0.45578243275684055], "hip2": [-0.37036884850694912, 0.45629441360468687], "knee2": [0.01585728894698487, 0.31866762188472231], "knee3": [0.016154538793381523, 0.31827911763809236], "knee0": [0.12376281856748228, 0.18315571166606334], "knee1": [0.12348114248564791, 0.18283449297610352], "compass_x": [-0.0032868095280248217, 0.68986740172661298], "compass_y": [-0.0091208433194725647, 0.66571483441303869], "gyro_z": [-0.0019240353085375921, 0.50516156782102606], "compass_z": [6.7525306390130052e-05, 0.28427579886077453], "gyro_x": [-0.0011709593429102395, 0.98989036887649229], "gyro_y": [-0.020663182790115593, 1.9425298200825714], "a_curr": [0.72683929129987579, 0.25596165799046389], "a_next": [0.72683929129987579, 0.25596165799046389], "landmark_dist": [16.963004359285215, 16.961933883080803]}
